{"cameraMode":{"drawMode":0,"name":"Shaded","section":"Shading Mode"},"sceneLighting":false,"audioPlay":false,"sceneViewState":{"m_AlwaysRefresh":false,"showFog":true,"showSkybox":false,"showFlares":true,"showImageEffects":true,"showParticleSystems":true,"showVisualEffectGraphs":true,"m_FxEnabled":true},"in2DMode":false,"pivot":{"x":-0.013534113764762879,"y":0.1731988489627838,"z":-0.006321720778942108},"rotation":{"x":-0.1433364450931549,"y":0.7040911912918091,"z":-0.14854463934898377,"w":-0.6795954704284668},"size":0.19252929091453553,"orthographic":false}