{"cameraMode":{"drawMode":0,"name":"Shaded","section":"Shading Mode"},"sceneLighting":true,"audioPlay":false,"sceneViewState":{"m_AlwaysRefresh":false,"showFog":true,"showSkybox":true,"showFlares":true,"showImageEffects":true,"showParticleSystems":true,"showVisualEffectGraphs":true,"m_FxEnabled":true},"in2DMode":false,"pivot":{"x":-16.198593139648439,"y":-14.998437881469727,"z":-27.644977569580079},"rotation":{"x":0.10226674377918244,"y":-0.8887559771537781,"z":0.37565264105796816,"w":0.24195297062397004},"size":47.88257598876953,"orthographic":true}